{"cameraMode":{"drawMode":0,"name":"Shaded","section":"Shading Mode"},"sceneLighting":true,"audioPlay":false,"sceneViewState":{"m_AlwaysRefresh":false,"showFog":true,"showSkybox":true,"showFlares":true,"showImageEffects":true,"showParticleSystems":true,"showVisualEffectGraphs":true,"m_FxEnabled":true},"in2DMode":false,"pivot":{"x":3.8685147762298586,"y":11.083966255187989,"z":-19.53351402282715},"rotation":{"x":0.19641274213790894,"y":-0.05256882309913635,"z":0.010252697393298149,"w":0.9791914820671082},"size":2.4494898319244386,"orthographic":false}