{"cameraMode":{"drawMode":0,"name":"Shaded","section":"Shading Mode"},"sceneLighting":true,"audioPlay":false,"sceneViewState":{"m_AlwaysRefresh":false,"showFog":true,"showSkybox":true,"showFlares":true,"showImageEffects":true,"showParticleSystems":true,"showVisualEffectGraphs":true,"m_FxEnabled":true},"in2DMode":false,"pivot":{"x":70.10903930664063,"y":111.72221374511719,"z":-194.05072021484376},"rotation":{"x":0.18520338833332063,"y":-0.5365393161773682,"z":0.12171755731105805,"w":0.8144254088401794},"size":2.3345258235931398,"orthographic":false}