{"cameraMode":{"drawMode":0,"name":"Shaded","section":"Shading Mode"},"sceneLighting":true,"audioPlay":false,"sceneViewState":{"m_AlwaysRefresh":false,"showFog":true,"showSkybox":true,"showFlares":true,"showImageEffects":true,"showParticleSystems":true,"showVisualEffectGraphs":true,"m_FxEnabled":true},"in2DMode":false,"pivot":{"x":-121.86556243896485,"y":24.61775779724121,"z":501.5106201171875},"rotation":{"x":0.006927850656211376,"y":0.10479462146759033,"z":0.000614410440903157,"w":-0.9945608377456665},"size":456.3529052734375,"orthographic":false}