{"cameraMode":{"drawMode":0,"name":"Shaded","section":"Shading Mode"},"sceneLighting":true,"audioPlay":false,"sceneViewState":{"m_AlwaysRefresh":false,"showFog":true,"showSkybox":true,"showFlares":true,"showImageEffects":true,"showParticleSystems":true,"showVisualEffectGraphs":true,"m_FxEnabled":true},"in2DMode":false,"pivot":{"x":365.7588806152344,"y":173.7548065185547,"z":382.94146728515627},"rotation":{"x":0.009560197591781617,"y":-0.11188997328281403,"z":-0.0017562834545969964,"w":0.9929203391075134},"size":523.406494140625,"orthographic":false}