{"cameraMode":{"drawMode":0,"name":"Shaded","section":"Shading Mode"},"sceneLighting":true,"audioPlay":false,"sceneViewState":{"m_AlwaysRefresh":false,"showFog":true,"showSkybox":true,"showFlares":true,"showImageEffects":true,"showParticleSystems":true,"showVisualEffectGraphs":true,"m_FxEnabled":true},"in2DMode":false,"pivot":{"x":19.175182342529298,"y":12.59152889251709,"z":-8.913657188415528},"rotation":{"x":-0.21584543585777284,"y":-0.013472025282680989,"z":-0.0038403337821364404,"w":0.9764900207519531},"size":1.7710013389587403,"orthographic":false}