{"cameraMode":{"drawMode":0,"name":"Shaded","section":"Shading Mode"},"sceneLighting":true,"audioPlay":false,"sceneViewState":{"m_AlwaysRefresh":false,"showFog":true,"showSkybox":true,"showFlares":true,"showImageEffects":true,"showParticleSystems":true,"showVisualEffectGraphs":true,"m_FxEnabled":true},"in2DMode":false,"pivot":{"x":-63.2913932800293,"y":28.748559951782228,"z":-222.67593383789063},"rotation":{"x":-0.00361018069088459,"y":-0.9711090326309204,"z":0.23851604759693147,"w":-0.014911457896232605},"size":3.0100440979003908,"orthographic":false}